pair_id,file_1,file_2,x1,y1,x2,y2,distance
1,P065.png,P044.png,12.147324,4.735137,12.158181,4.7269382,0.013604953893344401
2,P104.png,P145.png,5.8230104,9.322727,5.8209467,9.339756,0.017153591422497155
3,P213.png,P209.png,-1.6905999,4.420289,-1.6739932,4.426525,0.01773894531504047
4,P153.png,P192.png,6.7063518,12.959693,6.689633,12.947302,0.020809977281102326
5,P162.png,P022.png,-2.2192416,3.8264196,-2.2183723,3.803853,0.02258333717699822
6,P264.png,P155.png,-1.0416802,4.2567797,-1.0504278,4.2790785,0.023953224985374878
7,P244.png,P144.png,10.83866,5.6332088,10.844281,5.6090713,0.024783352219786635
8,P016.png,P017.png,6.0143104,9.545455,6.0367208,9.534167,0.02509272747550596
9,P299.png,P057.png,-2.733047,3.7544396,-2.7084496,3.747872,0.025459093788271592
10,P175.png,P240.png,6.464475,12.428119,6.4840393,12.4107,0.02619510250962964
11,P158.png,P136.png,5.933048,11.941208,5.9046855,11.940762,0.02836600645579148
12,P039.png,P028.png,4.712644,12.168879,4.6852565,12.176962,0.028555385573477532
13,P217.png,P287.png,3.2196188,8.202347,3.2012541,8.17995,0.028963560124577205
14,P184.png,P178.png,12.4553175,5.2886577,12.42588,5.290275,0.02948189385945236
15,P198.png,P223.png,4.215335,13.442119,4.2194085,13.412683,0.029716518945698052
16,P200.png,P122.png,-1.2856456,4.1462445,-1.2557396,4.147194,0.029921069269830566
17,P284.png,P197.png,12.308194,5.090876,12.337521,5.084918,0.029926087164880332
18,P014.png,P292.png,3.6622372,10.632437,3.6381304,10.61183,0.03171413336731733
19,P112.png,P300.png,3.5241714,8.681029,3.535763,8.714411,0.03533727655833104
20,P263.png,P254.png,4.8714976,13.654766,4.853058,13.687563,0.037625284811679746
21,P273.png,P249.png,4.577029,13.365728,4.5376806,13.375731,0.0405999580241158
22,P282.png,P036.png,-0.5670448,7.3807545,-0.5402156,7.347354,0.042841561279789935
23,P199.png,P266.png,11.167973,5.133882,11.136052,5.1626983,0.04300382990723069
24,P189.png,P259.png,4.8129387,12.66347,4.7714033,12.675463,0.043232181325489456
25,P185.png,P146.png,-1.2091044,4.157849,-1.2006104,4.2008862,0.043867398143040665
26,P149.png,P137.png,-0.38734445,7.8145866,-0.43061662,7.826747,0.04494837065644203
27,P064.png,P181.png,1.8841547,9.693532,1.8614239,9.654213,0.04541666026514861
28,P041.png,P196.png,-0.3680894,7.165839,-0.35414478,7.1179,0.04992594664044377
29,P187.png,P183.png,4.3708057,9.304544,4.389858,9.351074,0.050279528988347415
30,P204.png,P106.png,3.7031891,11.414499,3.6820717,11.460681,0.05078111565099764
31,P030.png,P193.png,2.0550847,9.275332,2.098731,9.302176,0.05124060733139212
32,P133.png,P043.png,4.41615,11.593832,4.459204,11.563505,0.052662831722193486
33,P271.png,P126.png,11.262991,4.8118753,11.2201185,4.846433,0.05506619548815779
34,P072.png,P031.png,-0.7146001,7.5802393,-0.72571874,7.635398,0.056268164543902405
35,P019.png,P232.png,3.042343,9.240002,3.0016305,9.200873,0.05646756854381144
36,P205.png,P229.png,-0.28636473,6.553502,-0.23091903,6.565793,0.056791674825541184
37,P236.png,P208.png,3.507582,9.124773,3.4507785,9.127989,0.05689446605997812
38,P066.png,P062.png,4.8701386,10.781514,4.8330812,10.827707,0.05922030178714108
39,P173.png,P134.png,-1.0295265,4.2143173,-0.9942455,4.2625747,0.059778973023630805
40,P288.png,P047.png,5.9720483,9.360568,5.9501534,9.419314,0.062693533653878
41,P059.png,P243.png,3.9884267,12.867168,3.9752643,12.928527,0.06275488550511553
42,P298.png,P080.png,11.475026,4.9842877,11.418476,5.0127244,0.06329730173467056
43,P290.png,P190.png,4.12732,11.357779,4.184568,11.387608,0.06455310019665912
44,P238.png,P138.png,12.515872,5.364375,12.559871,5.3153663,0.06586170872889606
45,P248.png,P296.png,3.043628,8.167964,3.0962133,8.125613,0.06751904158894739
46,P163.png,P242.png,-0.7738499,6.2447605,-0.7702889,6.3124585,0.06779159184589195
47,P283.png,P194.png,5.9579854,13.1628,6.022969,13.140234,0.06879020733331173
48,P073.png,P094.png,6.65145,12.837505,6.721571,12.844178,0.07043779929838832
49,P212.png,P076.png,4.5797896,9.292551,4.5136323,9.317298,0.07063428595441394
50,P063.png,P246.png,-0.15638585,6.323603,-0.22717135,6.319192,0.0709228026184104
51,P113.png,P119.png,-2.4768639,3.803247,-2.473064,3.8749862,0.07183976654089307
52,P227.png,P226.png,3.2182074,9.126437,3.1881316,9.059066,0.07377943742425751
53,P011.png,P009.png,1.8453261,9.499204,1.8195071,9.569447,0.07483782339165101
54,P078.png,P052.png,-1.9307172,4.119821,-1.9132782,4.0466943,0.07517734348784834
55,P056.png,P024.png,10.922833,5.770273,10.984945,5.814211,0.07608185321086669
56,P179.png,P008.png,5.595688,10.922293,5.6529284,10.973055,0.07650649669250391
57,P161.png,P037.png,5.264484,12.677142,5.3410344,12.676087,0.07655766953845915
58,P115.png,P269.png,3.9339385,11.198816,3.9043374,11.1210165,0.08324053893062061
59,P001.png,P040.png,-0.23884635,7.2996726,-0.25098133,7.216964,0.08359408025428847
60,P260.png,P224.png,1.5216622,9.774341,1.4703028,9.844396,0.08686478569224695
61,P096.png,P182.png,2.4915223,7.7853074,2.5641472,7.841599,0.09188645346605791
62,P005.png,P045.png,5.2115374,12.316443,5.288852,12.367506,0.092655152809545
63,P277.png,P097.png,11.0209875,5.634995,11.000652,5.7261443,0.0933901892638618
64,P207.png,P082.png,3.965413,9.061282,3.9849706,9.154046,0.09480326689391994
65,P128.png,P231.png,5.5973096,11.228435,5.5367637,11.15516,0.09505278339854048
66,P270.png,P257.png,3.4264774,8.383527,3.500304,8.444888,0.09599759991041416
67,P250.png,P219.png,2.5897367,8.976752,2.6504,8.901781,0.09644006847721509
68,P168.png,P141.png,3.6584945,11.702569,3.5626552,11.674863,0.0997636900905838
69,P206.png,P233.png,5.866219,12.347615,5.950766,12.293692,0.10027903638348283
70,P130.png,P127.png,0.13531408,6.423103,0.038220506,6.4556613,0.10240705547462764
71,P275.png,P291.png,2.1778796,9.307808,2.1572146,9.40929,0.1035646587837769
72,P165.png,P265.png,-0.7451014,6.1411295,-0.6536161,6.193006,0.10517001173499965
73,P129.png,P262.png,-1.6846602,4.339713,-1.5879964,4.3821087,0.10555228850636071
74,P095.png,P069.png,-0.4554803,7.7453537,-0.3732156,7.6787376,0.10585454947851798
75,P068.png,P018.png,3.7902527,9.637922,3.728911,9.724629,0.10621161898723733
76,P049.png,P276.png,11.255947,5.1237793,11.283729,5.0196476,0.10777407141279344
77,P088.png,P117.png,12.504839,5.229287,12.454541,5.1336946,0.10801757144909341
78,P167.png,P140.png,3.3926008,9.686813,3.4852538,9.625449,0.1111310888320644
79,P046.png,P083.png,-0.72488654,7.5007944,-0.6427362,7.42441,0.11217510831497171
80,P132.png,P218.png,6.4910865,12.634072,6.471133,12.74475,0.11246226854483242
81,P245.png,P191.png,-0.54966885,6.264668,-0.4819241,6.172368,0.11449297424978803
82,P048.png,P079.png,4.7619,11.964423,4.8779144,11.966034,0.11602558480076719
83,P007.png,P067.png,5.423666,11.035025,5.347105,10.940822,0.12139107022347112
84,P125.png,P156.png,6.0821233,12.488055,5.9841924,12.559809,0.1214046856213136
85,P051.png,P109.png,1.6199588,9.739393,1.566102,9.849574,0.12263933980269201
86,P214.png,P124.png,5.9274917,9.726889,6.0380483,9.670964,0.12389659974575563
87,P211.png,P293.png,6.491641,12.490009,6.530005,12.371227,0.12482371577548985
88,P061.png,P268.png,-0.71574783,6.7165,-0.6532413,6.5999784,0.13222839921590515
89,P228.png,P201.png,4.4225807,10.875904,4.34188,10.988373,0.13842643873729416
90,P103.png,P241.png,12.272475,5.454294,12.346978,5.3375115,0.1385238221940546
91,P013.png,P032.png,10.879939,5.4542065,10.96691,5.3377743,0.14532863461080153
92,P006.png,P075.png,4.7304316,13.229137,4.785061,13.092944,0.1467409438205986
93,P239.png,P098.png,3.4356077,8.525004,3.5820904,8.504405,0.14792396763300378
94,P247.png,P093.png,4.0046926,11.416024,3.8762298,11.338452,0.150067005593635
95,P202.png,P084.png,-2.585483,3.6755538,-2.7288463,3.7216778,0.15060032922570252
96,P010.png,P261.png,4.391714,11.54674,4.239915,11.533058,0.15241434815987673
97,P151.png,P023.png,5.0601697,11.645052,4.946825,11.532084,0.160027466524001
98,P215.png,P143.png,5.186139,12.137454,5.3378067,12.082045,0.16147212918733034
99,P297.png,P256.png,2.2580004,9.703837,2.4113703,9.643614,0.16476994857986146
100,P004.png,P121.png,4.3875265,12.326673,4.2458954,12.239148,0.16649322542436917
